MiniProgram productId,stable SKU,商品,规格,售价分,当前资格,OS Product ID,OS SKU,OS状态,黑名单,口味选择,明确状态
c1,sku-1056674d6fa58033d5147d7317865b8f09b35d3ed2a173064547aec2c500cea3,92%生巧克力,100g/盒,13800,True,it-7f5501d1-0738-4af8-8ca7-21e7883363ed,BUDU-CHOC-D92-01,ACTIVE,NO,,MAPPED_ELIGIBLE
c2,sku-748001bbb33a2831283a71755b741336ff6f3f095329440c00649a32724581c1,抹茶生巧克力,100g/盒,13800,True,it-1dbcf102-123a-443d-889b-89dba8ce4555,BUDU-CHOC-MAT-02,ACTIVE,NO,,MAPPED_ELIGIBLE
c3,sku-ad5d0b1a0562c182d94af1fef4139ab2fc1574adb60baca17a7e0a0795202c55,榛子生巧克力,100g/盒,13800,True,it-6e4452d3-d360-4a45-aae9-12af11c939eb,BUDU-CHOC-HAZ-03,ACTIVE,NO,,MAPPED_ELIGIBLE
c4,sku-3454241d891f9957dc7311f33e1945319763f4a1dddc0c917c1e8fab7b1a2792,茉莉花茶生巧克力,100g/盒,13800,True,it-0559ed77-cfec-46a8-889b-d8c85eefb4bc,BUDU-CHOC-JAS-04,ACTIVE,NO,,MAPPED_ELIGIBLE
c5,sku-eb528b949741f26b35c0711cbfc22ae5d453d633bab3da35ea8a102ee92b4f42,柚子生巧克力,100g/盒,13800,True,it-14324985-dc49-4540-89a3-077530a6f4fa,BUDU-CHOC-CIT-05,ACTIVE,NO,,MAPPED_ELIGIBLE
s1,sku-f36a7fe835616946c84f6d493991a1984c9ea73c227fa2a271a109f3e506f393,NO.1树莓,6g/颗,500,True,it-a005da2f-5a59-4f28-9d71-8cf28df6a452,BUDU-CANDY-01,ACTIVE,NO,,MAPPED_ELIGIBLE
s2,sku-eb16bd43a015ca05475689952da9cd2813689abc820a3771b61d0b64f5257722,NO.2柠檬,6g/颗,500,True,it-a005da2f-5a59-4f28-9d71-8cf28df6a452,BUDU-CANDY-01,ACTIVE,NO,,MAPPED_ELIGIBLE
s3,sku-3672a357f1e301793d350439ec73ae84d20c245b304d4206e4c69665f5499e0c,NO.3百香果,6g/颗,500,True,it-a005da2f-5a59-4f28-9d71-8cf28df6a452,BUDU-CANDY-01,ACTIVE,NO,,MAPPED_ELIGIBLE
s4,sku-3b0e49a53a2b3f8ac06ad55b66942cd499b3109679d39bb57c807974c4c350ab,NO.4橙子,6g/颗,500,True,it-a005da2f-5a59-4f28-9d71-8cf28df6a452,BUDU-CANDY-01,ACTIVE,NO,,MAPPED_ELIGIBLE
s5,sku-16929969992337ab4fa88c74387e188e1433fa378d260134b514f5f5d33ad38b,NO.5英式伯爵茶,6g/颗,500,True,it-a005da2f-5a59-4f28-9d71-8cf28df6a452,BUDU-CANDY-01,ACTIVE,NO,,MAPPED_ELIGIBLE
s6,sku-73a5774edb0aab3c40f8f17fd971dca70444b54e428439af7418bc5145038b44,NO.6泰式奶茶,6g/颗,500,True,it-a005da2f-5a59-4f28-9d71-8cf28df6a452,BUDU-CANDY-01,ACTIVE,NO,,MAPPED_ELIGIBLE
s7,sku-917c7d94d3dde74b178df2432f071ed0530fbc755931175c0c6bf71af0e22437,NO.7抹茶,6g/颗,500,True,it-a005da2f-5a59-4f28-9d71-8cf28df6a452,BUDU-CANDY-01,ACTIVE,NO,,MAPPED_ELIGIBLE
s8,sku-cd302f90f6bf712a18d3f593aa964be9f25927a3b3ea09e41224ddcd2c247f9d,NO.8榛子,6g/颗,500,True,it-a005da2f-5a59-4f28-9d71-8cf28df6a452,BUDU-CANDY-01,ACTIVE,NO,,MAPPED_ELIGIBLE
s9,sku-a68782e6dae849510e68438b65649f78730cc77e166d97fb8e2bd6e31afd17d0,NO.9海盐焦糖,6g/颗,500,True,it-a005da2f-5a59-4f28-9d71-8cf28df6a452,BUDU-CANDY-01,ACTIVE,NO,,MAPPED_ELIGIBLE
s10,sku-a20565d40128921e3febfc6268504d05085500b89180302404377a8957095800,NO.10香草,6g/颗,500,True,it-a005da2f-5a59-4f28-9d71-8cf28df6a452,BUDU-CANDY-01,ACTIVE,NO,,MAPPED_ELIGIBLE
s11,sku-629bf11f3022115b779b1d3b4434adf811239221782d84269e7c67db4ecd0e3b,NO.11生椰拿铁,6g/颗,500,True,it-a005da2f-5a59-4f28-9d71-8cf28df6a452,BUDU-CANDY-01,ACTIVE,NO,,MAPPED_ELIGIBLE
s12,sku-c1175c46d415c488191de7eca9871164d07f86a845ccdd307b24040ec1de6860,NO.12巧克力,6g/颗,500,True,it-a005da2f-5a59-4f28-9d71-8cf28df6a452,BUDU-CANDY-01,ACTIVE,NO,,MAPPED_ELIGIBLE
g24,sku-8fd82f29fa7465965d6a7fc3e655024be55876293bb6d83c715aad500dde9b1d,24颗礼盒,24颗/盒,12900,True,it-msjcvvfl-7azlu5,BUDU-BOX-24,ACTIVE,NO,,MAPPED_ELIGIBLE
g12,sku-c2673e70c033126254b5affd310ddc52d8915f63fe25a4ba6ba122ac862edfc3,12颗礼盒,12颗/盒,6900,True,it-f2b30d9a-3a28-486e-849f-975ef5363cb0,BUDU-BOX-12,ACTIVE,NO,,MAPPED_ELIGIBLE
g8f,sku-97823463f20f9cd42df54abb91a72ae9f7b34637f12722d68d89b53e222d9a23,8颗礼盒-方,8颗/盒,4900,True,it-37ec32af-d6e9-43e7-9e85-2d36145d9f20,BUDU-BOX-8SQ,ACTIVE,NO,,MAPPED_ELIGIBLE
g8l,sku-4e3e581031db43c322deb309a7734b73796cf3204a24802cc7b22db497705ffd,8颗礼盒-长,8颗/盒,4900,True,it-f7b115b9-88f1-42ae-adc4-d58b65eb6a4e,BUDU-BOX-8LN,ACTIVE,NO,,MAPPED_ELIGIBLE
b1,sku-bebc4e14715fb1a36a7c9478b4910b85eddbd34dd129b079a9a94609a01bc17e,巧克力豆.爆酸豆,75g/罐,6900,True,it-a792228b-11a9-4940-ac4f-f85a33f3a121,BUDU-CHOC-ESB-01,ACTIVE,NO,,MAPPED_ELIGIBLE
b2,sku-e308ff4afa8f8f1e4217b0dac2ddf2e49b1c3b357312d89df42d26eed17ca734,巧克力豆.泰奶麻薯,75g/罐,6900,True,it-bbf449bc-d45a-470a-93ba-6182531bf17d,BUDU-CHOC-TMM-02,ACTIVE,NO,,MAPPED_ELIGIBLE
b3,sku-03c19ac7c69a6d1bbd0c176cb88b99cc5cb945bb2b2e556f31e015de1f8d8ba9,巧克力豆.原粒杏仁,75g/罐,6900,True,it-c64ad0b2-1ede-449d-8f6f-03698f542dda,BUDU-CHOC-WA-03,ACTIVE,NO,,MAPPED_ELIGIBLE
b4,sku-a200a6ad1f4eddc14104022d48a410a8346c89e852c9fbb6886b90fe319882be,巧克力豆.百香果凤梨,75g/罐,6900,True,it-4e8c7c49-b5a8-4d97-b2fb-3ed5fdcf4a0d,BUDU-CHOC-PFP-04,ACTIVE,NO,,MAPPED_ELIGIBLE
b5,sku-6ec20e3abe69f39dd14e3479b65775e8c1b6b66340bfb3b4631f522108d95c4b,巧克力豆.山核桃,75g/罐,6900,True,it-ac6d14b6-90ad-4027-81e5-5595b82638e4,BUDU-CHOC-PF-05,ACTIVE,NO,,MAPPED_ELIGIBLE
b6,sku-31a93c2d2db44b50983e9652c27902f1785cc446c55066490643446326551328,巧克力豆.青苹果益生菌,75g/罐,6900,True,it-c075196c-5703-41ff-ad99-d8a7e90159a6,BUDU-CHOC-GAP-06,ACTIVE,NO,,MAPPED_ELIGIBLE
bb,sku-1afb528bab971d8a78a4a11b3905ce2d018bfecd6c0d890aaf73405ab0ac761c,Balls-礼盒,4款自由搭配/盒,29900,True,it-fb77c912-793c-428c-a200-b4f873594496,BUDU-BALLS-BOX-4,ACTIVE,NO,"b1,b1,b1,b1",MAPPED_ELIGIBLE
bb,sku-0f84f5c3d7fb179e9ae2628ff75f03bdd82e39f84bd16966d94b40f41d20c130,Balls-礼盒,4款自由搭配/盒,29900,True,it-fb77c912-793c-428c-a200-b4f873594496,BUDU-BALLS-BOX-4,ACTIVE,NO,"b1,b1,b1,b2",MAPPED_ELIGIBLE
bb,sku-56847796c307b7d4ac23eb77045a89befc94ccc639409b7f1c746339c972473a,Balls-礼盒,4款自由搭配/盒,29900,True,it-fb77c912-793c-428c-a200-b4f873594496,BUDU-BALLS-BOX-4,ACTIVE,NO,"b1,b1,b1,b3",MAPPED_ELIGIBLE
bb,sku-d0d867bf22d43d70d91fe7e7370a77e355674e8469862ddeffaf5f7c5315fbb8,Balls-礼盒,4款自由搭配/盒,29900,True,it-fb77c912-793c-428c-a200-b4f873594496,BUDU-BALLS-BOX-4,ACTIVE,NO,"b1,b1,b1,b4",MAPPED_ELIGIBLE
bb,sku-3e16dd7bc43c9b54578303c670b5a4c8f4dc8a4ef3ce26bbd68ad444b71affbc,Balls-礼盒,4款自由搭配/盒,29900,True,it-fb77c912-793c-428c-a200-b4f873594496,BUDU-BALLS-BOX-4,ACTIVE,NO,"b1,b1,b1,b5",MAPPED_ELIGIBLE
bb,sku-c88d04f78ff5066ac5a0758c8b1272734e2f86ab7526561ac9efe2278d23f38a,Balls-礼盒,4款自由搭配/盒,29900,True,it-fb77c912-793c-428c-a200-b4f873594496,BUDU-BALLS-BOX-4,ACTIVE,NO,"b1,b1,b1,b6",MAPPED_ELIGIBLE
bb,sku-f008fac1c1c441596e659508d21f7e4127c3b93fa036796ddb77e77482a88d45,Balls-礼盒,4款自由搭配/盒,29900,True,it-fb77c912-793c-428c-a200-b4f873594496,BUDU-BALLS-BOX-4,ACTIVE,NO,"b1,b1,b2,b2",MAPPED_ELIGIBLE
bb,sku-59bd8e2b7d402aea81502fdd601a258b973da9f55ab226bd9f32f1094e4bc9e5,Balls-礼盒,4款自由搭配/盒,29900,True,it-fb77c912-793c-428c-a200-b4f873594496,BUDU-BALLS-BOX-4,ACTIVE,NO,"b1,b1,b2,b3",MAPPED_ELIGIBLE
bb,sku-5704d95c95f1ff68f0f72ca39d7abe7c0d9631d3450619fbbd55bbde6ff42aa4,Balls-礼盒,4款自由搭配/盒,29900,True,it-fb77c912-793c-428c-a200-b4f873594496,BUDU-BALLS-BOX-4,ACTIVE,NO,"b1,b1,b2,b4",MAPPED_ELIGIBLE
bb,sku-ac6f785a0d95e352877bc86c712c10ad167808be1dd4df746fe4e54424405976,Balls-礼盒,4款自由搭配/盒,29900,True,it-fb77c912-793c-428c-a200-b4f873594496,BUDU-BALLS-BOX-4,ACTIVE,NO,"b1,b1,b2,b5",MAPPED_ELIGIBLE
bb,sku-d305bc28d569be5cea6927617043571dede35ab1e83c1f7b9bd09ae80f5b82b7,Balls-礼盒,4款自由搭配/盒,29900,True,it-fb77c912-793c-428c-a200-b4f873594496,BUDU-BALLS-BOX-4,ACTIVE,NO,"b1,b1,b2,b6",MAPPED_ELIGIBLE
bb,sku-facbb19fff2f7ff05a5a6cc287b272a7c70cf62ed47ab7a2d738fa16ca1c9788,Balls-礼盒,4款自由搭配/盒,29900,True,it-fb77c912-793c-428c-a200-b4f873594496,BUDU-BALLS-BOX-4,ACTIVE,NO,"b1,b1,b3,b3",MAPPED_ELIGIBLE
bb,sku-cde0cb5ebf892c0ebbae767efc257fe872b3a53860574edea0c12a97e9e4e04f,Balls-礼盒,4款自由搭配/盒,29900,True,it-fb77c912-793c-428c-a200-b4f873594496,BUDU-BALLS-BOX-4,ACTIVE,NO,"b1,b1,b3,b4",MAPPED_ELIGIBLE
bb,sku-c97021651251ac47dc65732c2de2e98baa2c30da9d5a116973ec8c3bfd25eb35,Balls-礼盒,4款自由搭配/盒,29900,True,it-fb77c912-793c-428c-a200-b4f873594496,BUDU-BALLS-BOX-4,ACTIVE,NO,"b1,b1,b3,b5",MAPPED_ELIGIBLE
bb,sku-f99aad435bd035dfec1eb0bbb25f716ce0d4ad92c452e832362b2b1020dbf351,Balls-礼盒,4款自由搭配/盒,29900,True,it-fb77c912-793c-428c-a200-b4f873594496,BUDU-BALLS-BOX-4,ACTIVE,NO,"b1,b1,b3,b6",MAPPED_ELIGIBLE
bb,sku-55d9e6026fb2c92a315b9852e2371ba8587535f3e898f74503b903817263a191,Balls-礼盒,4款自由搭配/盒,29900,True,it-fb77c912-793c-428c-a200-b4f873594496,BUDU-BALLS-BOX-4,ACTIVE,NO,"b1,b1,b4,b4",MAPPED_ELIGIBLE
bb,sku-980730af1b7056ca52a10a3e0e633213c533eb3b8933e000b8bdb1389525e5db,Balls-礼盒,4款自由搭配/盒,29900,True,it-fb77c912-793c-428c-a200-b4f873594496,BUDU-BALLS-BOX-4,ACTIVE,NO,"b1,b1,b4,b5",MAPPED_ELIGIBLE
bb,sku-180e5e81e6f0c7fcd77e70e1fbd216ef6fc4f7813ccede686dd2baaa3736bd05,Balls-礼盒,4款自由搭配/盒,29900,True,it-fb77c912-793c-428c-a200-b4f873594496,BUDU-BALLS-BOX-4,ACTIVE,NO,"b1,b1,b4,b6",MAPPED_ELIGIBLE
bb,sku-d56e75ad1bd1014feaefbe3ce76ecd6b6faba2bd7a1dbed095020050a2613c32,Balls-礼盒,4款自由搭配/盒,29900,True,it-fb77c912-793c-428c-a200-b4f873594496,BUDU-BALLS-BOX-4,ACTIVE,NO,"b1,b1,b5,b5",MAPPED_ELIGIBLE
bb,sku-c07f58feb928598a63c14792a950ecf555283487dcd12b2bfbeb6a9392d9734f,Balls-礼盒,4款自由搭配/盒,29900,True,it-fb77c912-793c-428c-a200-b4f873594496,BUDU-BALLS-BOX-4,ACTIVE,NO,"b1,b1,b5,b6",MAPPED_ELIGIBLE
bb,sku-14e5152300a5ef35406cccf14116c59d34d77db403a3a6a711dbd6b0cc42d3c7,Balls-礼盒,4款自由搭配/盒,29900,True,it-fb77c912-793c-428c-a200-b4f873594496,BUDU-BALLS-BOX-4,ACTIVE,NO,"b1,b1,b6,b6",MAPPED_ELIGIBLE
bb,sku-3c97738f1d9a8694b843caeda5454515ec8f6fbf616f4de0dc8c32144bf66ac3,Balls-礼盒,4款自由搭配/盒,29900,True,it-fb77c912-793c-428c-a200-b4f873594496,BUDU-BALLS-BOX-4,ACTIVE,NO,"b1,b2,b2,b2",MAPPED_ELIGIBLE
bb,sku-d0207a1ce7f9bd290d1c920a99c31a5040ec3b095b46793778b7e83a3b2c29a8,Balls-礼盒,4款自由搭配/盒,29900,True,it-fb77c912-793c-428c-a200-b4f873594496,BUDU-BALLS-BOX-4,ACTIVE,NO,"b1,b2,b2,b3",MAPPED_ELIGIBLE
bb,sku-ccc7377f25499d4384b898636a7f86a8aabde33c8962954deb34097da6579019,Balls-礼盒,4款自由搭配/盒,29900,True,it-fb77c912-793c-428c-a200-b4f873594496,BUDU-BALLS-BOX-4,ACTIVE,NO,"b1,b2,b2,b4",MAPPED_ELIGIBLE
bb,sku-60f631c0bfba2a59a02deb6374f6bc43bedaacaedd4b4541bf475f6aa02867ef,Balls-礼盒,4款自由搭配/盒,29900,True,it-fb77c912-793c-428c-a200-b4f873594496,BUDU-BALLS-BOX-4,ACTIVE,NO,"b1,b2,b2,b5",MAPPED_ELIGIBLE
bb,sku-c6c4de41b3a62f1025730472f20492394d8bb9f8f26cc9560a48df0f8e08f7f3,Balls-礼盒,4款自由搭配/盒,29900,True,it-fb77c912-793c-428c-a200-b4f873594496,BUDU-BALLS-BOX-4,ACTIVE,NO,"b1,b2,b2,b6",MAPPED_ELIGIBLE
bb,sku-cf6b509326613faf310026157e8c6aa3303bb56ebcb1c242fc2acb82e5a356dd,Balls-礼盒,4款自由搭配/盒,29900,True,it-fb77c912-793c-428c-a200-b4f873594496,BUDU-BALLS-BOX-4,ACTIVE,NO,"b1,b2,b3,b3",MAPPED_ELIGIBLE
bb,sku-554a1069895921ae34b4a4942de5ea7c383b93112f3d35aca0258cc15bd10d5c,Balls-礼盒,4款自由搭配/盒,29900,True,it-fb77c912-793c-428c-a200-b4f873594496,BUDU-BALLS-BOX-4,ACTIVE,NO,"b1,b2,b3,b4",MAPPED_ELIGIBLE
bb,sku-335c9a45bea6d3a14ef7bc268dfd79624e2dbb1b76d133a5c03f08b8f20ddcf0,Balls-礼盒,4款自由搭配/盒,29900,True,it-fb77c912-793c-428c-a200-b4f873594496,BUDU-BALLS-BOX-4,ACTIVE,NO,"b1,b2,b3,b5",MAPPED_ELIGIBLE
bb,sku-3c0e3bc4f1c2c074369b5dc1c13d092e240a93f51f6e888f407180da4034f28d,Balls-礼盒,4款自由搭配/盒,29900,True,it-fb77c912-793c-428c-a200-b4f873594496,BUDU-BALLS-BOX-4,ACTIVE,NO,"b1,b2,b3,b6",MAPPED_ELIGIBLE
bb,sku-9cdbbe6d6ffea6e02c4bca280ce410dfd60c35f67ccb18163b23a3efd047c20f,Balls-礼盒,4款自由搭配/盒,29900,True,it-fb77c912-793c-428c-a200-b4f873594496,BUDU-BALLS-BOX-4,ACTIVE,NO,"b1,b2,b4,b4",MAPPED_ELIGIBLE
bb,sku-2c6aea53230570f1a3887b72264c2cfd0d55c8fecd0577a18ae6dac2d1d248b4,Balls-礼盒,4款自由搭配/盒,29900,True,it-fb77c912-793c-428c-a200-b4f873594496,BUDU-BALLS-BOX-4,ACTIVE,NO,"b1,b2,b4,b5",MAPPED_ELIGIBLE
bb,sku-3c2c30c2f7d8ac5a1b1d2e9c6ec8bcad9e5a9c5222643eb2269e150e2cd93de4,Balls-礼盒,4款自由搭配/盒,29900,True,it-fb77c912-793c-428c-a200-b4f873594496,BUDU-BALLS-BOX-4,ACTIVE,NO,"b1,b2,b4,b6",MAPPED_ELIGIBLE
bb,sku-db333ba4a2b7cd724be155f83690ba29d75fc7279d073ed3924f4c6c19227172,Balls-礼盒,4款自由搭配/盒,29900,True,it-fb77c912-793c-428c-a200-b4f873594496,BUDU-BALLS-BOX-4,ACTIVE,NO,"b1,b2,b5,b5",MAPPED_ELIGIBLE
bb,sku-cfda2872f4561531ef3e52ada26b9ec641a6b902bc9941c88c8df4bfea4ab758,Balls-礼盒,4款自由搭配/盒,29900,True,it-fb77c912-793c-428c-a200-b4f873594496,BUDU-BALLS-BOX-4,ACTIVE,NO,"b1,b2,b5,b6",MAPPED_ELIGIBLE
bb,sku-2f3a8ae8db4386252c84cb3c3751c5f7fcb91ee0d02ccec756d90f0a78052fbf,Balls-礼盒,4款自由搭配/盒,29900,True,it-fb77c912-793c-428c-a200-b4f873594496,BUDU-BALLS-BOX-4,ACTIVE,NO,"b1,b2,b6,b6",MAPPED_ELIGIBLE
bb,sku-86e84c523860e77d12e135c184cb8054e6fe1d3d5d8d137a9d030bad9cbf1b6a,Balls-礼盒,4款自由搭配/盒,29900,True,it-fb77c912-793c-428c-a200-b4f873594496,BUDU-BALLS-BOX-4,ACTIVE,NO,"b1,b3,b3,b3",MAPPED_ELIGIBLE
bb,sku-22ad99c62d66bce183af74150f4ae6a1c3ef3bbe53d42f698a493879a7c8dd08,Balls-礼盒,4款自由搭配/盒,29900,True,it-fb77c912-793c-428c-a200-b4f873594496,BUDU-BALLS-BOX-4,ACTIVE,NO,"b1,b3,b3,b4",MAPPED_ELIGIBLE
bb,sku-b4d9f9cf6d45d13b4099dc450b7799dbf394b5bdff05f228a5010ac26a9ef664,Balls-礼盒,4款自由搭配/盒,29900,True,it-fb77c912-793c-428c-a200-b4f873594496,BUDU-BALLS-BOX-4,ACTIVE,NO,"b1,b3,b3,b5",MAPPED_ELIGIBLE
bb,sku-515e0e65408130746c18d5af49be1c9c8df445ceab1d63d8fc73fbeb97e515db,Balls-礼盒,4款自由搭配/盒,29900,True,it-fb77c912-793c-428c-a200-b4f873594496,BUDU-BALLS-BOX-4,ACTIVE,NO,"b1,b3,b3,b6",MAPPED_ELIGIBLE
bb,sku-d478894c8bc3da41ae60b1431c3207f5c1973cecf5b68472211da6c92391b9e2,Balls-礼盒,4款自由搭配/盒,29900,True,it-fb77c912-793c-428c-a200-b4f873594496,BUDU-BALLS-BOX-4,ACTIVE,NO,"b1,b3,b4,b4",MAPPED_ELIGIBLE
bb,sku-103f0c791ca5001f308a5af8b442f540239c9ca7d20f3c5e0bc9faf7d9af475e,Balls-礼盒,4款自由搭配/盒,29900,True,it-fb77c912-793c-428c-a200-b4f873594496,BUDU-BALLS-BOX-4,ACTIVE,NO,"b1,b3,b4,b5",MAPPED_ELIGIBLE
bb,sku-6562f2cd20acc567b6e39125b8f874721f840e35adce180daf9b2f2b5607e8c9,Balls-礼盒,4款自由搭配/盒,29900,True,it-fb77c912-793c-428c-a200-b4f873594496,BUDU-BALLS-BOX-4,ACTIVE,NO,"b1,b3,b4,b6",MAPPED_ELIGIBLE
bb,sku-e85f79b52929a83836f490c112dd3a88c4376f617f1b5c36054ee175b28eb454,Balls-礼盒,4款自由搭配/盒,29900,True,it-fb77c912-793c-428c-a200-b4f873594496,BUDU-BALLS-BOX-4,ACTIVE,NO,"b1,b3,b5,b5",MAPPED_ELIGIBLE
bb,sku-89870919b15fb9dabba4498571b19500a78e81af4e985f11c22f66a80c495755,Balls-礼盒,4款自由搭配/盒,29900,True,it-fb77c912-793c-428c-a200-b4f873594496,BUDU-BALLS-BOX-4,ACTIVE,NO,"b1,b3,b5,b6",MAPPED_ELIGIBLE
bb,sku-7dd729f33bd45a9199b3099a1a6c533d7c09010d1ea39e4a672a6e14e87c2c9d,Balls-礼盒,4款自由搭配/盒,29900,True,it-fb77c912-793c-428c-a200-b4f873594496,BUDU-BALLS-BOX-4,ACTIVE,NO,"b1,b3,b6,b6",MAPPED_ELIGIBLE
bb,sku-0577cdd89af82a576085e72a1a6e7025da789cb6447b51d1a0ce0e3021cd6147,Balls-礼盒,4款自由搭配/盒,29900,True,it-fb77c912-793c-428c-a200-b4f873594496,BUDU-BALLS-BOX-4,ACTIVE,NO,"b1,b4,b4,b4",MAPPED_ELIGIBLE
bb,sku-3ad6497c8e0b5fe678edb24f069db77c87c7f2fda5cf3cb655ca50b6420911c2,Balls-礼盒,4款自由搭配/盒,29900,True,it-fb77c912-793c-428c-a200-b4f873594496,BUDU-BALLS-BOX-4,ACTIVE,NO,"b1,b4,b4,b5",MAPPED_ELIGIBLE
bb,sku-783d5966c49298dc4e3606d2e3b3862bba5364099b6a26623c36fad28ab28051,Balls-礼盒,4款自由搭配/盒,29900,True,it-fb77c912-793c-428c-a200-b4f873594496,BUDU-BALLS-BOX-4,ACTIVE,NO,"b1,b4,b4,b6",MAPPED_ELIGIBLE
bb,sku-1fbd0c1dede043b37af0a18b4feb11602a9f6afa8cc38e710e0c7bb6c158b17d,Balls-礼盒,4款自由搭配/盒,29900,True,it-fb77c912-793c-428c-a200-b4f873594496,BUDU-BALLS-BOX-4,ACTIVE,NO,"b1,b4,b5,b5",MAPPED_ELIGIBLE
bb,sku-f7b25a9b69ca9e40625a74229f781dc80fb6a9ac08ac5cb9826505cde14db11a,Balls-礼盒,4款自由搭配/盒,29900,True,it-fb77c912-793c-428c-a200-b4f873594496,BUDU-BALLS-BOX-4,ACTIVE,NO,"b1,b4,b5,b6",MAPPED_ELIGIBLE
bb,sku-a81d9c7c79903fb67edf16514141f91e0ed78a3e955c8e1dbbe6fac4cd46b4b9,Balls-礼盒,4款自由搭配/盒,29900,True,it-fb77c912-793c-428c-a200-b4f873594496,BUDU-BALLS-BOX-4,ACTIVE,NO,"b1,b4,b6,b6",MAPPED_ELIGIBLE
bb,sku-c96dd7df80a3c43666ca0044c7b620d743c26a7b3a73dfd53477c2970aef1e3e,Balls-礼盒,4款自由搭配/盒,29900,True,it-fb77c912-793c-428c-a200-b4f873594496,BUDU-BALLS-BOX-4,ACTIVE,NO,"b1,b5,b5,b5",MAPPED_ELIGIBLE
bb,sku-20263a90cd36e673461904d14c3217822b1b28aa86ce5e3830a4d629f722aa7f,Balls-礼盒,4款自由搭配/盒,29900,True,it-fb77c912-793c-428c-a200-b4f873594496,BUDU-BALLS-BOX-4,ACTIVE,NO,"b1,b5,b5,b6",MAPPED_ELIGIBLE
bb,sku-af941c6b87fcfdf07d1d53fe54f182ab6d42f8b91e1168a972b061531b2c50eb,Balls-礼盒,4款自由搭配/盒,29900,True,it-fb77c912-793c-428c-a200-b4f873594496,BUDU-BALLS-BOX-4,ACTIVE,NO,"b1,b5,b6,b6",MAPPED_ELIGIBLE
bb,sku-3224ad38e3e25846a11e090635cc620996787b2d1cc8be78fbbe34b61e728725,Balls-礼盒,4款自由搭配/盒,29900,True,it-fb77c912-793c-428c-a200-b4f873594496,BUDU-BALLS-BOX-4,ACTIVE,NO,"b1,b6,b6,b6",MAPPED_ELIGIBLE
bb,sku-bc830f9bf6c79766dda3db4b22756fd13df52a1607b32382e7b112a19041da66,Balls-礼盒,4款自由搭配/盒,29900,True,it-fb77c912-793c-428c-a200-b4f873594496,BUDU-BALLS-BOX-4,ACTIVE,NO,"b2,b2,b2,b2",MAPPED_ELIGIBLE
bb,sku-ba6c0298d25c9192ee469ded4d7d34b2ffa9228363350c65e913535d6243be77,Balls-礼盒,4款自由搭配/盒,29900,True,it-fb77c912-793c-428c-a200-b4f873594496,BUDU-BALLS-BOX-4,ACTIVE,NO,"b2,b2,b2,b3",MAPPED_ELIGIBLE
bb,sku-8dd28f061b92314b5b8d201ac1b78db6952bb3fb9818a0aece6fe2cc3616d826,Balls-礼盒,4款自由搭配/盒,29900,True,it-fb77c912-793c-428c-a200-b4f873594496,BUDU-BALLS-BOX-4,ACTIVE,NO,"b2,b2,b2,b4",MAPPED_ELIGIBLE
bb,sku-a4ea39987324aa5a9745e799422b1a99e422d7b57069256ebb5c14e2893c5151,Balls-礼盒,4款自由搭配/盒,29900,True,it-fb77c912-793c-428c-a200-b4f873594496,BUDU-BALLS-BOX-4,ACTIVE,NO,"b2,b2,b2,b5",MAPPED_ELIGIBLE
bb,sku-1b3fa4ef6b1a1a99f4c081c766ae0369cdf9e67e43dc90907baa12ef75ff1f56,Balls-礼盒,4款自由搭配/盒,29900,True,it-fb77c912-793c-428c-a200-b4f873594496,BUDU-BALLS-BOX-4,ACTIVE,NO,"b2,b2,b2,b6",MAPPED_ELIGIBLE
bb,sku-019d8a1d0781c283e437f71f06a90e005b1feacad0fdc6956836b707fa28b492,Balls-礼盒,4款自由搭配/盒,29900,True,it-fb77c912-793c-428c-a200-b4f873594496,BUDU-BALLS-BOX-4,ACTIVE,NO,"b2,b2,b3,b3",MAPPED_ELIGIBLE
bb,sku-c0b5afd13b88781372952832ce6a18d2de959dbb0a5e55d80a0bcd4d0f35832e,Balls-礼盒,4款自由搭配/盒,29900,True,it-fb77c912-793c-428c-a200-b4f873594496,BUDU-BALLS-BOX-4,ACTIVE,NO,"b2,b2,b3,b4",MAPPED_ELIGIBLE
bb,sku-2821c06766fccf965f28821778fef6653a98a8fc9fbd82344914021c529b3c84,Balls-礼盒,4款自由搭配/盒,29900,True,it-fb77c912-793c-428c-a200-b4f873594496,BUDU-BALLS-BOX-4,ACTIVE,NO,"b2,b2,b3,b5",MAPPED_ELIGIBLE
bb,sku-5db6b48d1a41a9112cb7a93ff3ef1d31e36c4a4dd630ab94b6bf66da1b40921a,Balls-礼盒,4款自由搭配/盒,29900,True,it-fb77c912-793c-428c-a200-b4f873594496,BUDU-BALLS-BOX-4,ACTIVE,NO,"b2,b2,b3,b6",MAPPED_ELIGIBLE
bb,sku-3dede134970ee44c92b5e801cb70ca3b15c28f61bc7eaad94a794b3961aa7efa,Balls-礼盒,4款自由搭配/盒,29900,True,it-fb77c912-793c-428c-a200-b4f873594496,BUDU-BALLS-BOX-4,ACTIVE,NO,"b2,b2,b4,b4",MAPPED_ELIGIBLE
bb,sku-17214d99e653f9b5886404c4291b3d1447c3ce5762550dc601df50d8ae17024b,Balls-礼盒,4款自由搭配/盒,29900,True,it-fb77c912-793c-428c-a200-b4f873594496,BUDU-BALLS-BOX-4,ACTIVE,NO,"b2,b2,b4,b5",MAPPED_ELIGIBLE
bb,sku-9a76dac6b4e831825acd11e5483bf91e4c741e5e0922c273fcfc22672d14da82,Balls-礼盒,4款自由搭配/盒,29900,True,it-fb77c912-793c-428c-a200-b4f873594496,BUDU-BALLS-BOX-4,ACTIVE,NO,"b2,b2,b4,b6",MAPPED_ELIGIBLE
bb,sku-f59d8805db01b4489a5ac6b1c0598ead10f3d1a7c8baefc2e1707a75b5340d41,Balls-礼盒,4款自由搭配/盒,29900,True,it-fb77c912-793c-428c-a200-b4f873594496,BUDU-BALLS-BOX-4,ACTIVE,NO,"b2,b2,b5,b5",MAPPED_ELIGIBLE
bb,sku-02f60ea5c7bc65e6142ba5a0410b875c293adea344c1d7f16a9ef58081a2c4f0,Balls-礼盒,4款自由搭配/盒,29900,True,it-fb77c912-793c-428c-a200-b4f873594496,BUDU-BALLS-BOX-4,ACTIVE,NO,"b2,b2,b5,b6",MAPPED_ELIGIBLE
bb,sku-5999457c95868ee0b4628797edc1761a638355658a3d7b2caaed6d72baaa4e2c,Balls-礼盒,4款自由搭配/盒,29900,True,it-fb77c912-793c-428c-a200-b4f873594496,BUDU-BALLS-BOX-4,ACTIVE,NO,"b2,b2,b6,b6",MAPPED_ELIGIBLE
bb,sku-6a67e4469ed818d392859edc5ab5d0d40307911776816089eb0c0211296364ce,Balls-礼盒,4款自由搭配/盒,29900,True,it-fb77c912-793c-428c-a200-b4f873594496,BUDU-BALLS-BOX-4,ACTIVE,NO,"b2,b3,b3,b3",MAPPED_ELIGIBLE
bb,sku-5c9250982e21fe3cabfcfc92eb9e2aeada7adc6520f0ece4ccc3e8ff15489e32,Balls-礼盒,4款自由搭配/盒,29900,True,it-fb77c912-793c-428c-a200-b4f873594496,BUDU-BALLS-BOX-4,ACTIVE,NO,"b2,b3,b3,b4",MAPPED_ELIGIBLE
bb,sku-164f0cf80a6a88dc9c59c1325181f7b1df2a9925b7506ad25b03e90dfcb4386d,Balls-礼盒,4款自由搭配/盒,29900,True,it-fb77c912-793c-428c-a200-b4f873594496,BUDU-BALLS-BOX-4,ACTIVE,NO,"b2,b3,b3,b5",MAPPED_ELIGIBLE
bb,sku-efc7ff19007b4a39723b5f188ac728b711d3c38c2e3fbbe71ae736dd0635a1d7,Balls-礼盒,4款自由搭配/盒,29900,True,it-fb77c912-793c-428c-a200-b4f873594496,BUDU-BALLS-BOX-4,ACTIVE,NO,"b2,b3,b3,b6",MAPPED_ELIGIBLE
bb,sku-856ad2ad5378b8221da587407eb9e3e638bfad20f3b81edb077f569725a5b5d8,Balls-礼盒,4款自由搭配/盒,29900,True,it-fb77c912-793c-428c-a200-b4f873594496,BUDU-BALLS-BOX-4,ACTIVE,NO,"b2,b3,b4,b4",MAPPED_ELIGIBLE
bb,sku-568682191cf74669a936bebd4d5fd899705ab55e6f5a27f9844ab599e42183a4,Balls-礼盒,4款自由搭配/盒,29900,True,it-fb77c912-793c-428c-a200-b4f873594496,BUDU-BALLS-BOX-4,ACTIVE,NO,"b2,b3,b4,b5",MAPPED_ELIGIBLE
bb,sku-b918fb609996fd072ae79fafa8876229c0dd2c2c9bfc954006faadaa1c716e3d,Balls-礼盒,4款自由搭配/盒,29900,True,it-fb77c912-793c-428c-a200-b4f873594496,BUDU-BALLS-BOX-4,ACTIVE,NO,"b2,b3,b4,b6",MAPPED_ELIGIBLE
bb,sku-a1008235691d305624b0c40991aa29613c97b65ae33d7519faec88e1ecfe90f0,Balls-礼盒,4款自由搭配/盒,29900,True,it-fb77c912-793c-428c-a200-b4f873594496,BUDU-BALLS-BOX-4,ACTIVE,NO,"b2,b3,b5,b5",MAPPED_ELIGIBLE
bb,sku-aa670a5a30fa3bb70f1b55c2382d1f3be464353487822862e739567fe480c426,Balls-礼盒,4款自由搭配/盒,29900,True,it-fb77c912-793c-428c-a200-b4f873594496,BUDU-BALLS-BOX-4,ACTIVE,NO,"b2,b3,b5,b6",MAPPED_ELIGIBLE
bb,sku-6ba8002d6f785ee4061d26e1c98dcec25b954ff5916452937300f2cdd12f3122,Balls-礼盒,4款自由搭配/盒,29900,True,it-fb77c912-793c-428c-a200-b4f873594496,BUDU-BALLS-BOX-4,ACTIVE,NO,"b2,b3,b6,b6",MAPPED_ELIGIBLE
bb,sku-5be7bbb720880e6bf018032ffd57cf07c2e9ec06c027f64755e933b718c3f38e,Balls-礼盒,4款自由搭配/盒,29900,True,it-fb77c912-793c-428c-a200-b4f873594496,BUDU-BALLS-BOX-4,ACTIVE,NO,"b2,b4,b4,b4",MAPPED_ELIGIBLE
bb,sku-142b4149aa0c82c7f5f7ffa0b1a258a0025a944eb08706935c6933d1d03e4d0e,Balls-礼盒,4款自由搭配/盒,29900,True,it-fb77c912-793c-428c-a200-b4f873594496,BUDU-BALLS-BOX-4,ACTIVE,NO,"b2,b4,b4,b5",MAPPED_ELIGIBLE
bb,sku-8418c4017df71b62a4cf22059b32366cebe4976c3f45b509d083102d48b616a8,Balls-礼盒,4款自由搭配/盒,29900,True,it-fb77c912-793c-428c-a200-b4f873594496,BUDU-BALLS-BOX-4,ACTIVE,NO,"b2,b4,b4,b6",MAPPED_ELIGIBLE
bb,sku-53c256ad0091691dcaaab167971faf8b566453466393405b11c74924758c7e4e,Balls-礼盒,4款自由搭配/盒,29900,True,it-fb77c912-793c-428c-a200-b4f873594496,BUDU-BALLS-BOX-4,ACTIVE,NO,"b2,b4,b5,b5",MAPPED_ELIGIBLE
bb,sku-ed5f9f068fb7f65e91450b543632ffcd5dfe6f912e5d65ad52be26b539c08241,Balls-礼盒,4款自由搭配/盒,29900,True,it-fb77c912-793c-428c-a200-b4f873594496,BUDU-BALLS-BOX-4,ACTIVE,NO,"b2,b4,b5,b6",MAPPED_ELIGIBLE
bb,sku-4ec000248ed0192c762d089d3b4cc7be1160b5910e678438015bf210d5e6c4dd,Balls-礼盒,4款自由搭配/盒,29900,True,it-fb77c912-793c-428c-a200-b4f873594496,BUDU-BALLS-BOX-4,ACTIVE,NO,"b2,b4,b6,b6",MAPPED_ELIGIBLE
bb,sku-a19028e886f69ba404df2596cee9cf75e41e33dffc7414cc9ae3cc535aa71e62,Balls-礼盒,4款自由搭配/盒,29900,True,it-fb77c912-793c-428c-a200-b4f873594496,BUDU-BALLS-BOX-4,ACTIVE,NO,"b2,b5,b5,b5",MAPPED_ELIGIBLE
bb,sku-a42eef277711e2066d6acc23935a00a87dfbb818c2d2dcfa99d4cc44b7cc4689,Balls-礼盒,4款自由搭配/盒,29900,True,it-fb77c912-793c-428c-a200-b4f873594496,BUDU-BALLS-BOX-4,ACTIVE,NO,"b2,b5,b5,b6",MAPPED_ELIGIBLE
bb,sku-25ca1f0434bdfdc3ab0c7a427db5be921700158e82ea8040383f1e9529aaaaf6,Balls-礼盒,4款自由搭配/盒,29900,True,it-fb77c912-793c-428c-a200-b4f873594496,BUDU-BALLS-BOX-4,ACTIVE,NO,"b2,b5,b6,b6",MAPPED_ELIGIBLE
bb,sku-02c0179c8b8a5086a31fc5e8292ca060140a4ada32309f1e19c4efd4fbe0062c,Balls-礼盒,4款自由搭配/盒,29900,True,it-fb77c912-793c-428c-a200-b4f873594496,BUDU-BALLS-BOX-4,ACTIVE,NO,"b2,b6,b6,b6",MAPPED_ELIGIBLE
bb,sku-0d2c416a73f4f63c8e8ac48999278fbf6053d4cd1a1302696a3ec2c1661cab6a,Balls-礼盒,4款自由搭配/盒,29900,True,it-fb77c912-793c-428c-a200-b4f873594496,BUDU-BALLS-BOX-4,ACTIVE,NO,"b3,b3,b3,b3",MAPPED_ELIGIBLE
bb,sku-73cfadfaaa3cad9a981fe66371dc382d65310dd2c06a4c123153852f216e8a53,Balls-礼盒,4款自由搭配/盒,29900,True,it-fb77c912-793c-428c-a200-b4f873594496,BUDU-BALLS-BOX-4,ACTIVE,NO,"b3,b3,b3,b4",MAPPED_ELIGIBLE
bb,sku-cb908ee1ccd11fb0adfaeccb688657767d337a744587b76a3e2faf3f24e0c29d,Balls-礼盒,4款自由搭配/盒,29900,True,it-fb77c912-793c-428c-a200-b4f873594496,BUDU-BALLS-BOX-4,ACTIVE,NO,"b3,b3,b3,b5",MAPPED_ELIGIBLE
bb,sku-8cfb843378fb86a2d3ac06cc5a528b249edf80b55ff08dceddd39bb28f4de1f2,Balls-礼盒,4款自由搭配/盒,29900,True,it-fb77c912-793c-428c-a200-b4f873594496,BUDU-BALLS-BOX-4,ACTIVE,NO,"b3,b3,b3,b6",MAPPED_ELIGIBLE
bb,sku-ad786ef52b7076e9c19cb5c1e9a9d200c6c0789164be9bb42b3dc4d84be60f68,Balls-礼盒,4款自由搭配/盒,29900,True,it-fb77c912-793c-428c-a200-b4f873594496,BUDU-BALLS-BOX-4,ACTIVE,NO,"b3,b3,b4,b4",MAPPED_ELIGIBLE
bb,sku-bd9353aec9c63691c24e717aa083aa384cdb1c29d471b291ae740e5422698aa7,Balls-礼盒,4款自由搭配/盒,29900,True,it-fb77c912-793c-428c-a200-b4f873594496,BUDU-BALLS-BOX-4,ACTIVE,NO,"b3,b3,b4,b5",MAPPED_ELIGIBLE
bb,sku-27e456d0763bf77713f547f32c2d71284f8a41c260dc299cdc2f6dada90a8afa,Balls-礼盒,4款自由搭配/盒,29900,True,it-fb77c912-793c-428c-a200-b4f873594496,BUDU-BALLS-BOX-4,ACTIVE,NO,"b3,b3,b4,b6",MAPPED_ELIGIBLE
bb,sku-4b104a436c06584a499dcb0ae2c83511f986ada2b9de4c0e4cd4533979001c13,Balls-礼盒,4款自由搭配/盒,29900,True,it-fb77c912-793c-428c-a200-b4f873594496,BUDU-BALLS-BOX-4,ACTIVE,NO,"b3,b3,b5,b5",MAPPED_ELIGIBLE
bb,sku-42157e2d42a3ca72303cc6ea23f69a158a7e131c3626d26b2031dd4fdb707ad0,Balls-礼盒,4款自由搭配/盒,29900,True,it-fb77c912-793c-428c-a200-b4f873594496,BUDU-BALLS-BOX-4,ACTIVE,NO,"b3,b3,b5,b6",MAPPED_ELIGIBLE
bb,sku-d4c7318fd71b63010a28279c3fe9de04cc4172c24b4ca2378af8d1dd17efa0df,Balls-礼盒,4款自由搭配/盒,29900,True,it-fb77c912-793c-428c-a200-b4f873594496,BUDU-BALLS-BOX-4,ACTIVE,NO,"b3,b3,b6,b6",MAPPED_ELIGIBLE
bb,sku-b60cfbfa864314c659a945d2184c0313b8941d41ae81cf99e909fba6f1230594,Balls-礼盒,4款自由搭配/盒,29900,True,it-fb77c912-793c-428c-a200-b4f873594496,BUDU-BALLS-BOX-4,ACTIVE,NO,"b3,b4,b4,b4",MAPPED_ELIGIBLE
bb,sku-0b19b434c91deb822311a052023dbb17e35f813219659044107f2fba36195942,Balls-礼盒,4款自由搭配/盒,29900,True,it-fb77c912-793c-428c-a200-b4f873594496,BUDU-BALLS-BOX-4,ACTIVE,NO,"b3,b4,b4,b5",MAPPED_ELIGIBLE
bb,sku-9b3580a3b42ab83b6eb842c134c420dcdd637b8e23f44fe942a62e5eb2b4aeef,Balls-礼盒,4款自由搭配/盒,29900,True,it-fb77c912-793c-428c-a200-b4f873594496,BUDU-BALLS-BOX-4,ACTIVE,NO,"b3,b4,b4,b6",MAPPED_ELIGIBLE
bb,sku-3a4d99ac3d3003192ed1c8d6e3e7094f72efaab82d6b66e4ebb9d7bc71228432,Balls-礼盒,4款自由搭配/盒,29900,True,it-fb77c912-793c-428c-a200-b4f873594496,BUDU-BALLS-BOX-4,ACTIVE,NO,"b3,b4,b5,b5",MAPPED_ELIGIBLE
bb,sku-8190cb663aaf6f5a076738aaea44e97ac0fdfe2b86da65ef44069db0f1d7e625,Balls-礼盒,4款自由搭配/盒,29900,True,it-fb77c912-793c-428c-a200-b4f873594496,BUDU-BALLS-BOX-4,ACTIVE,NO,"b3,b4,b5,b6",MAPPED_ELIGIBLE
bb,sku-ec0863b5cc38aebe26f3feae89ef529711108f11ba21a202b63bb653835a8734,Balls-礼盒,4款自由搭配/盒,29900,True,it-fb77c912-793c-428c-a200-b4f873594496,BUDU-BALLS-BOX-4,ACTIVE,NO,"b3,b4,b6,b6",MAPPED_ELIGIBLE
bb,sku-b8066c3495eb02292cee9669dd3cb98b8a0dc04b44b8291770159ad7a9007cad,Balls-礼盒,4款自由搭配/盒,29900,True,it-fb77c912-793c-428c-a200-b4f873594496,BUDU-BALLS-BOX-4,ACTIVE,NO,"b3,b5,b5,b5",MAPPED_ELIGIBLE
bb,sku-21b75a93bdf95ac4b77092760bcd9161e2d958ba942584a9748e3e7a77d6f7ee,Balls-礼盒,4款自由搭配/盒,29900,True,it-fb77c912-793c-428c-a200-b4f873594496,BUDU-BALLS-BOX-4,ACTIVE,NO,"b3,b5,b5,b6",MAPPED_ELIGIBLE
bb,sku-1f03632bb482096ba80791a2fd7f045747d4f8af80914c852c7acafd6a43b0cb,Balls-礼盒,4款自由搭配/盒,29900,True,it-fb77c912-793c-428c-a200-b4f873594496,BUDU-BALLS-BOX-4,ACTIVE,NO,"b3,b5,b6,b6",MAPPED_ELIGIBLE
bb,sku-d29e6a4217baef0f63bbcc9eef4538e6385cc7c3e4f91fc1153d89d93174b1bf,Balls-礼盒,4款自由搭配/盒,29900,True,it-fb77c912-793c-428c-a200-b4f873594496,BUDU-BALLS-BOX-4,ACTIVE,NO,"b3,b6,b6,b6",MAPPED_ELIGIBLE
bb,sku-6fa36b7a25f06962bdd63f198fcbe7208fbc71a74cec66758bf8429969675fd5,Balls-礼盒,4款自由搭配/盒,29900,True,it-fb77c912-793c-428c-a200-b4f873594496,BUDU-BALLS-BOX-4,ACTIVE,NO,"b4,b4,b4,b4",MAPPED_ELIGIBLE
bb,sku-1c4135b8e5317457f31d11869f4add9cd90c9bf6aacda2f142a59158a9457623,Balls-礼盒,4款自由搭配/盒,29900,True,it-fb77c912-793c-428c-a200-b4f873594496,BUDU-BALLS-BOX-4,ACTIVE,NO,"b4,b4,b4,b5",MAPPED_ELIGIBLE
bb,sku-9199c3b583d5a09f8cbc12b5034089f28837a2c340693389803654994ed6ca36,Balls-礼盒,4款自由搭配/盒,29900,True,it-fb77c912-793c-428c-a200-b4f873594496,BUDU-BALLS-BOX-4,ACTIVE,NO,"b4,b4,b4,b6",MAPPED_ELIGIBLE
bb,sku-d3799873bfdcabad363d8a2000191d153ad636ae195ec38a18df1a34015cb1d8,Balls-礼盒,4款自由搭配/盒,29900,True,it-fb77c912-793c-428c-a200-b4f873594496,BUDU-BALLS-BOX-4,ACTIVE,NO,"b4,b4,b5,b5",MAPPED_ELIGIBLE
bb,sku-1711332ff63fdcfc20e972c0c2d0f64d05226f32d83cde66e422d7f82abd113c,Balls-礼盒,4款自由搭配/盒,29900,True,it-fb77c912-793c-428c-a200-b4f873594496,BUDU-BALLS-BOX-4,ACTIVE,NO,"b4,b4,b5,b6",MAPPED_ELIGIBLE
bb,sku-b8c43b34e9c9bdc3a5b1acf00475f605054c282d0d4267ba9f19e7f47d08310d,Balls-礼盒,4款自由搭配/盒,29900,True,it-fb77c912-793c-428c-a200-b4f873594496,BUDU-BALLS-BOX-4,ACTIVE,NO,"b4,b4,b6,b6",MAPPED_ELIGIBLE
bb,sku-45d7ee6605c726342329e6b7507d8f2599c2947158a9514cd837d514b775b9de,Balls-礼盒,4款自由搭配/盒,29900,True,it-fb77c912-793c-428c-a200-b4f873594496,BUDU-BALLS-BOX-4,ACTIVE,NO,"b4,b5,b5,b5",MAPPED_ELIGIBLE
bb,sku-9443f7648153b3e37618175c55c1d512bf698683ac7bba969bb022cdc3e7d5d9,Balls-礼盒,4款自由搭配/盒,29900,True,it-fb77c912-793c-428c-a200-b4f873594496,BUDU-BALLS-BOX-4,ACTIVE,NO,"b4,b5,b5,b6",MAPPED_ELIGIBLE
bb,sku-63b04d0704dc85818c153c706e04304ad6a9a90697b209a379aab5f729d8452b,Balls-礼盒,4款自由搭配/盒,29900,True,it-fb77c912-793c-428c-a200-b4f873594496,BUDU-BALLS-BOX-4,ACTIVE,NO,"b4,b5,b6,b6",MAPPED_ELIGIBLE
bb,sku-f6affc7bbc29c134a252358729bbdaf4a14b21805dffe8707be2608d3845334d,Balls-礼盒,4款自由搭配/盒,29900,True,it-fb77c912-793c-428c-a200-b4f873594496,BUDU-BALLS-BOX-4,ACTIVE,NO,"b4,b6,b6,b6",MAPPED_ELIGIBLE
bb,sku-4c111e3046011abdc5b20ab2d04d947e65e25319c0b62770e3497128b2fe8d90,Balls-礼盒,4款自由搭配/盒,29900,True,it-fb77c912-793c-428c-a200-b4f873594496,BUDU-BALLS-BOX-4,ACTIVE,NO,"b5,b5,b5,b5",MAPPED_ELIGIBLE
bb,sku-be74591956ecd1f0a1e0ef028dc9e7345a9958f8c9a1530f6a6c9559a01bed15,Balls-礼盒,4款自由搭配/盒,29900,True,it-fb77c912-793c-428c-a200-b4f873594496,BUDU-BALLS-BOX-4,ACTIVE,NO,"b5,b5,b5,b6",MAPPED_ELIGIBLE
bb,sku-0afc4df5a6d4cc07dc0f1a1d7fa8b4d61bf116215ea13e36a7057a8227589bf5,Balls-礼盒,4款自由搭配/盒,29900,True,it-fb77c912-793c-428c-a200-b4f873594496,BUDU-BALLS-BOX-4,ACTIVE,NO,"b5,b5,b6,b6",MAPPED_ELIGIBLE
bb,sku-2b5273b037ab6b65f812ef872ae17216846e78c53cf235e9dc63de4c722dc9fc,Balls-礼盒,4款自由搭配/盒,29900,True,it-fb77c912-793c-428c-a200-b4f873594496,BUDU-BALLS-BOX-4,ACTIVE,NO,"b5,b6,b6,b6",MAPPED_ELIGIBLE
bb,sku-1e848b9f6e902204656abb3e3bd45ba7446d7489c967c72531824c24067790a3,Balls-礼盒,4款自由搭配/盒,29900,True,it-fb77c912-793c-428c-a200-b4f873594496,BUDU-BALLS-BOX-4,ACTIVE,NO,"b6,b6,b6,b6",MAPPED_ELIGIBLE
